{
    "IVARS": {
        "Sensitivity": [
            0.0673806,
            0.0276546,
            0.00015616,
            1.40299e-08,
            1.99997e-06
        ],
        "confidence_lower": [
            0.0545351,
            0.0227331,
            0.000140161,
            4.92517e-09,
            1.56018e-06
        ],
        "confidence_upper": [
            0.0815442,
            0.032988,
            0.000174033,
            2.54158e-08,
            2.48669e-06
        ],
        "names": [
            "CNDF1",
            "CNDF2",
            "EXP",
            "LOG",
            "SQRT"
        ]
    },
    "SALib-Morris": {
        "Sensitivity": [
            0.015042267707482997,
            0.011179510163265302,
            0.040388928190476195,
            1.9328571428597555e-07,
            0.0002265456394557821
        ],
        "confidence_lower": [
            0.014458219743560673,
            0.010971528171577961,
            0.03583218915129869,
            1.585105443374267e-07,
            0.00022049557244569008
        ],
        "confidence_upper": [
            0.015626315671405322,
            0.011387492154952644,
            0.0449456672296537,
            2.2806088423452441e-07,
            0.0002325957064658741
        ],
        "names": [
            "CNDF1",
            "CNDF2",
            "EXP",
            "LOG",
            "SQRT"
        ]
    },
    "SALib-Sobol": {
        "Sensitivity": [
            0.7058429389089551,
            0.3058398679400704,
            0.0018748834011878108,
            4.0429794436178243e-07,
            2.717783963862544e-05
        ],
        "confidence_lower": [
            0.5940053894305425,
            0.22315223449242533,
            0.001433421649758556,
            1.197655756755226e-07,
            1.6930569244193648e-05
        ],
        "confidence_upper": [
            0.8176804883873677,
            0.38852750138771547,
            0.0023163451526170657,
            6.888303130480423e-07,
            3.742511003305723e-05
        ],
        "names": [
            "CNDF1",
            "CNDF2",
            "EXP",
            "LOG",
            "SQRT"
        ]
    },
    "VARS-Morris-ABE": {
        "Sensitivity": [
            0.21469,
            0.138069,
            0.0242645,
            4.95747e-05,
            0.00124359
        ],
        "names": [
            "CNDF1",
            "CNDF2",
            "EXP",
            "LOG",
            "SQRT"
        ]
    },
    "VARS-Sobol-TO": {
        "Sensitivity": [
            0.509958,
            0.209457,
            0.0018045,
            1.07184e-07,
            1.54544e-05
        ],
        "confidence_lower": [
            0.171849,
            0.00153226,
            3.76593e-08,
            1.20798e-05
        ],
        "confidence_upper": [
            0.250078,
            0.00208772,
            1.93727e-07,
            1.92433e-05
        ],
        "names": [
            "CNDF1",
            "CNDF2",
            "EXP",
            "LOG",
            "SQRT"
        ]
    }
}