{
    "IVARS": {
        "Sensitivity": [
            7.75125e-14,
            7.89746e-14,
            6.5361e-09,
            3.29161e-14,
            2.53363e-05,
            5.67197e-08
        ],
        "confidence_lower": [
            3.29317e-14,
            3.40192e-14,
            5.30294e-09,
            1.02105e-14,
            2.07502e-05,
            4.45775e-08
        ],
        "confidence_upper": [
            1.38456e-13,
            1.30644e-13,
            7.90042e-09,
            7.1467e-14,
            3.00757e-05,
            6.89433e-08
        ],
        "names": [
            "DDOT_1_rtrans",
            "DDOT_2_alpha",
            "SPARSEMV_Ap[0:nrow]",
            "WAXPBY_2_p[0:nrow]",
            "WAXPBY_3_x[0:nrow]",
            "WAXPBY_4_r[0:nrow]"
        ]
    },
    "SALib-Morris": {
        "Sensitivity": [
            4.065742740585837e-11,
            3.255777026155625e-11,
            2.847075951085714e-06,
            1.7114225073274598e-11,
            0.00016236964185297725,
            7.230759111099705e-06
        ],
        "confidence_lower": [
            2.5541970943979332e-11,
            1.9400306549201942e-11,
            2.802909392866818e-06,
            9.009035939893867e-12,
            0.00016085445376895618,
            6.804451576671991e-06
        ],
        "confidence_upper": [
            5.577288386773741e-11,
            4.5715233973910555e-11,
            2.8912425093046103e-06,
            2.521941420665533e-11,
            0.00016388482993699832,
            7.657066645527418e-06
        ],
        "names": [
            "DDOT_1_rtrans",
            "DDOT_2_alpha",
            "SPARSEMV_Ap[0:nrow]",
            "WAXPBY_2_p[0:nrow]",
            "WAXPBY_3_x[0:nrow]",
            "WAXPBY_4_r[0:nrow]"
        ]
    },
    "SALib-Sobol": {
        "Sensitivity": [
            3.678235190173099e-09,
            5.7622697785740614e-09,
            0.00028196315513479643,
            6.677212896578448e-10,
            1.0029466466529477,
            0.0022049716279188515
        ],
        "confidence_lower": [
            9.342731726563187e-10,
            9.06647478459022e-11,
            0.00017905052236472097,
            2.0634272108801656e-10,
            0.9309211721170976,
            0.0013824598080696003
        ],
        "confidence_upper": [
            6.422197207689879e-09,
            1.143387480930222e-08,
            0.0003848757879048719,
            1.129099858227673e-09,
            1.074972121188798,
            0.0030274834477681026
        ],
        "names": [
            "DDOT_1_rtrans",
            "DDOT_2_alpha",
            "SPARSEMV_Ap[0:nrow]",
            "WAXPBY_2_p[0:nrow]",
            "WAXPBY_3_x[0:nrow]",
            "WAXPBY_4_r[0:nrow]"
        ]
    },
    "VARS-Morris-ABE": {
        "Sensitivity": [
            1.03201e-07,
            1.0248e-07,
            6.55005e-05,
            6.02644e-08,
            0.0040364,
            0.000186165
        ],
        "names": [
            "DDOT_1_rtrans",
            "DDOT_2_alpha",
            "SPARSEMV_Ap[0:nrow]",
            "WAXPBY_2_p[0:nrow]",
            "WAXPBY_3_x[0:nrow]",
            "WAXPBY_4_r[0:nrow]"
        ]
    },
    "VARS-Sobol-TO": {
        "Sensitivity": [
            2.00414e-09,
            2.04313e-09,
            0.000168399,
            8.51093e-10,
            0.650452,
            0.00145913
        ],
        "confidence_lower": [
            8.79028e-10,
            0.000136696,
            2.64371e-10,
            0.532228,
            0.00114593
        ],
        "confidence_upper": [
            3.37445e-09,
            0.000203629,
            1.84681e-09,
            0.772653,
            0.00177474
        ],
        "names": [
            "DDOT_1_rtrans",
            "DDOT_2_alpha",
            "SPARSEMV_Ap[0:nrow]",
            "WAXPBY_2_p[0:nrow]",
            "WAXPBY_3_x[0:nrow]",
            "WAXPBY_4_r[0:nrow]"
        ]
    }
}