{
    "IVARS": {
        "Sensitivity": [
            4.83094e-14,
            9.43865e-11,
            6.72177e-09,
            1.06748e-12,
            6.91411e-06,
            5.3577e-08,
            3.26112e-28,
            3.29317e-30,
            3.52953e-22,
            3.26078e-26,
            1.7811e-06,
            3.34712e-20,
            3.22817e-30,
            3.2285e-30,
            3.22817e-29,
            3.2285e-30,
            1.88771e-06,
            3.23671e-26
        ],
        "confidence_lower": [
            2.81418e-14,
            9.35658e-14,
            5.49149e-09,
            1.61943e-14,
            5.84283e-06,
            4.43369e-08,
            6.61776e-32,
            0.0,
            1.65819e-23,
            3.22817e-30,
            1.4815e-06,
            5.22553e-22,
            0.0,
            0.0,
            0.0,
            0.0,
            1.56503e-06,
            3.22817e-30
        ],
        "confidence_upper": [
            7.17127e-14,
            2.68965e-10,
            8.07797e-09,
            3.14065e-12,
            8.03913e-06,
            6.35337e-08,
            9.71747e-28,
            9.68452e-30,
            9.95964e-22,
            9.71681e-26,
            2.07649e-06,
            9.78167e-20,
            9.68452e-30,
            9.68452e-30,
            9.68452e-29,
            9.68452e-30,
            2.23714e-06,
            9.68517e-26
        ],
        "names": [
            "Section_0_DDOT_1_rtrans",
            "Section_0_DDOT_2_alpha",
            "Section_0_SPARSEMV_Ap[0:nrow]",
            "Section_0_WAXPBY_2_p[0:nrow]",
            "Section_0_WAXPBY_3_x[0:nrow]",
            "Section_0_WAXPBY_4_r[0:nrow]",
            "Section_1_DDOT_1_rtrans",
            "Section_1_DDOT_2_alpha",
            "Section_1_SPARSEMV_Ap[0:nrow]",
            "Section_1_WAXPBY_2_p[0:nrow]",
            "Section_1_WAXPBY_3_x[0:nrow]",
            "Section_1_WAXPBY_4_r[0:nrow]",
            "Section_2_DDOT_1_rtrans",
            "Section_2_DDOT_2_alpha",
            "Section_2_SPARSEMV_Ap[0:nrow]",
            "Section_2_WAXPBY_2_p[0:nrow]",
            "Section_2_WAXPBY_3_x[0:nrow]",
            "Section_2_WAXPBY_4_r[0:nrow]"
        ]
    },
    "SALib-Morris": {
        "Sensitivity": [
            3.601288936592185e-11,
            4.8207673211706145e-11,
            2.9295557376639295e-06,
            2.2118991879709314e-11,
            7.800720724549766e-05,
            7.399846640422658e-06,
            0.0,
            0.0,
            6.323523093448277e-15,
            0.0,
            4.584368453950946e-05,
            2.776678839957048e-14,
            0.0,
            0.0,
            1.1909774436047626e-17,
            0.0,
            4.9874601793951853e-05,
            8.506981740164912e-19
        ],
        "confidence_lower": [
            2.0262067866194832e-11,
            2.9495066379571376e-11,
            2.845603543988002e-06,
            9.550881214470409e-12,
            6.98251532331928e-05,
            7.137054184074021e-06,
            0.0,
            0.0,
            1.228062447096016e-15,
            0.0,
            4.4645674775709806e-05,
            -7.332130164446244e-15,
            0.0,
            0.0,
            -1.5466849341847207e-18,
            0.0,
            4.90389924335763e-05,
            -8.182869391929536e-19
        ],
        "confidence_upper": [
            5.1763710865648873e-11,
            6.692028004384092e-11,
            3.0135079313398573e-06,
            3.468710254494822e-11,
            8.618926125780253e-05,
            7.662639096771295e-06,
            0.0,
            0.0,
            1.1418983739800538e-14,
            0.0,
            4.704169430330912e-05,
            6.28657069635872e-14,
            0.0,
            0.0,
            2.5366233806279975e-17,
            0.0,
            5.071021115432741e-05,
            2.519683287225936e-18
        ],
        "names": [
            "Section_0_DDOT_1_rtrans",
            "Section_0_DDOT_2_alpha",
            "Section_0_SPARSEMV_Ap[0:nrow]",
            "Section_0_WAXPBY_2_p[0:nrow]",
            "Section_0_WAXPBY_3_x[0:nrow]",
            "Section_0_WAXPBY_4_r[0:nrow]",
            "Section_1_DDOT_1_rtrans",
            "Section_1_DDOT_2_alpha",
            "Section_1_SPARSEMV_Ap[0:nrow]",
            "Section_1_WAXPBY_2_p[0:nrow]",
            "Section_1_WAXPBY_3_x[0:nrow]",
            "Section_1_WAXPBY_4_r[0:nrow]",
            "Section_2_DDOT_1_rtrans",
            "Section_2_DDOT_2_alpha",
            "Section_2_SPARSEMV_Ap[0:nrow]",
            "Section_2_WAXPBY_2_p[0:nrow]",
            "Section_2_WAXPBY_3_x[0:nrow]",
            "Section_2_WAXPBY_4_r[0:nrow]"
        ]
    },
    "SALib-Sobol": {
        "Sensitivity": [
            5.381989413464024e-06,
            4.154935393851372e-06,
            0.0007218363496489586,
            5.1724715677064466e-06,
            0.7078760207165306,
            0.005207270093285839,
            4.690510265107565e-17,
            9.85332885738073e-12,
            3.3532683665576054e-17,
            9.975477562217215e-11,
            0.17406017559338624,
            1.461123234886238e-17,
            3.2573012367221744e-23,
            1.3029195183703482e-14,
            5.504824698016563e-25,
            3.2898918042737834e-25,
            0.19224262622304736,
            3.3126752312232323e-23
        ],
        "confidence_lower": [
            -5.699993878562235e-06,
            -4.389738942860127e-06,
            0.0004809422724621122,
            -5.512506633073767e-06,
            0.597233680555862,
            0.003317065753592578,
            -5.019073672549026e-17,
            -1.0227640055780435e-11,
            -2.8551014235076887e-17,
            -1.0063845166275027e-10,
            0.12293756006115397,
            -3.601003344177355e-18,
            -3.454045441168981e-23,
            -1.3864021302054358e-14,
            -5.9648077416819195e-25,
            -3.3283026719987125e-25,
            0.13346961765329193,
            -3.4072961479899564e-23
        ],
        "confidence_upper": [
            1.6463972705490283e-05,
            1.2699609730562872e-05,
            0.000962730426835805,
            1.585744976848666e-05,
            0.8185183608771991,
            0.0070974744329791,
            1.4400094202764158e-16,
            2.9934297770541894e-11,
            9.5616381566229e-17,
            3.0014800290709455e-10,
            0.2251827911256185,
            3.282346804190212e-17,
            9.96864791461333e-23,
            3.992241166946132e-14,
            1.6974457137715045e-24,
            9.90808628054628e-25,
            0.2510156347928028,
            1.0032646610436422e-22
        ],
        "names": [
            "Section_0_DDOT_1_rtrans",
            "Section_0_DDOT_2_alpha",
            "Section_0_SPARSEMV_Ap[0:nrow]",
            "Section_0_WAXPBY_2_p[0:nrow]",
            "Section_0_WAXPBY_3_x[0:nrow]",
            "Section_0_WAXPBY_4_r[0:nrow]",
            "Section_1_DDOT_1_rtrans",
            "Section_1_DDOT_2_alpha",
            "Section_1_SPARSEMV_Ap[0:nrow]",
            "Section_1_WAXPBY_2_p[0:nrow]",
            "Section_1_WAXPBY_3_x[0:nrow]",
            "Section_1_WAXPBY_4_r[0:nrow]",
            "Section_2_DDOT_1_rtrans",
            "Section_2_DDOT_2_alpha",
            "Section_2_SPARSEMV_Ap[0:nrow]",
            "Section_2_WAXPBY_2_p[0:nrow]",
            "Section_2_WAXPBY_3_x[0:nrow]",
            "Section_2_WAXPBY_4_r[0:nrow]"
        ]
    },