{
   "ADAPT-With-Quant":{
    "Sensitivity": [
      0.0,
      0.0,
      0.0,
      0.0,
      0.0,
      0.0,
      0.0,
      0.0,
      0.0,
      0.0,
      0.0,
      0.0,
      0.0,
      0.0,
      0.0,
      0.0,
      0.0,
      0.0,
      0.0,
      0.0,
      0.0,
      0.0,
      0.0,
      0.0,
      0.0,
      0.0,
      0.0,
      0.0,
      0.0,
      0.0,
      0.0,
      0.0,
      0.0,
      0.0,
      0.0,
      0.0,
      0.0,
      0.0,
      0.0,
      0.0,
      0.0,
      0.0,
      0.0,
      0.0,
      0.0,
      0.0,
      0.0,
      0.0,
      0.0,
      0.0,
      0.0,
      0.0,
      0.0,
      0.0,
      0.0,
      0.0,
      0.0,
      0.0,
      0.0,
      0.0,
      0.0,
      0.0,
      0.0,
      0.0
    ],
  "Confidence": [
    0.08778181155784359,
    0.00019322255379426175,
    6.691957017988979e-06,
    2.3290274215599327e-06,
    2.10320614812959e-06,
    2.827420119168155e-06,
    1.1489661873171772e-06,
    9.161116546065472e-07,
    0.00012279009407688578,
    1.2295217056695583e-05,
    3.481772913788761e-06,
    2.0329389922885228e-06,
    1.0201614910551278e-05,
    3.011340838305672e-06,
    2.5545423031903017e-06,
    5.766114215467555e-07,
    5.234401227317697e-07,
    2.3461974129195e-05,
    5.764500534253369e-06,
    2.0804668931959423e-06,
    2.2422641574753778e-06,
    4.597643596746171e-06,
    2.428704729779149e-07,
    3.4559870599293978e-06,
    1.7781466208564668e-07,
    3.629639243678917e-08,
    6.82948097711999e-06,
    2.9126814895332794e-06,
    4.652094356914408e-06,
    4.942992648286726e-06,
    1.666214944690787e-06,
    3.419883211712309e-08,
    7.02890769868408e-09,
    5.0192676790074773e-08,
    1.6762411313931586e-06,
    2.499195170311457e-06,
    3.467470459975012e-06,
    4.546138248251471e-06,
    1.9533695024802917e-06,
    2.4370368391034857e-07,
    5.9591568764525215e-09,
    6.998981625071853e-10,
    7.486019590991657e-10,
    5.5853735553255205e-06,
    4.251743245293856e-06,
    4.459149800056887e-06,
    1.3121456960933314e-06,
    1.8454408506280784e-07,
    4.260477304203851e-08,
    0,
    1.63172096319225e-09,
    1.1741218844674099e-08,
    3.077388527178055e-06,
    7.065297121891005e-07,
    1.8710178882415213e-07,
    2.008023871558141e-08,
    1.8147737336725127e-06,
    4.638148829752212e-09,
    8.900844404170325e-10,
    2.7371255415019334e-09,
    1.3729649882611957e-09,
    5.620933545161802e-07,
    0.0011462994675634863,
    3.6916604512381935e-05
  ],
  "names": [
    "Coeff_0",
    "Coeff_1",
    "Coeff_10",
    "Coeff_11",
    "Coeff_12",
    "Coeff_13",
    "Coeff_14",
    "Coeff_15",
    "Coeff_16",
    "Coeff_17",
    "Coeff_18",
    "Coeff_19",
    "Coeff_2",
    "Coeff_20",
    "Coeff_21",
    "Coeff_22",
    "Coeff_23",
    "Coeff_24",
    "Coeff_25",
    "Coeff_26",
    "Coeff_27",
    "Coeff_28",
    "Coeff_29",
    "Coeff_3",
    "Coeff_30",
    "Coeff_31",
    "Coeff_32",
    "Coeff_33",
    "Coeff_34",
    "Coeff_35",
    "Coeff_36",
    "Coeff_37",
    "Coeff_38",
    "Coeff_39",
    "Coeff_4",
    "Coeff_40",
    "Coeff_41",
    "Coeff_42",
    "Coeff_43",
    "Coeff_44",
    "Coeff_45",
    "Coeff_46",
    "Coeff_47",
    "Coeff_48",
    "Coeff_49",
    "Coeff_5",
    "Coeff_50",
    "Coeff_51",
    "Coeff_52",
    "Coeff_53",
    "Coeff_54",
    "Coeff_55",
    "Coeff_56",
    "Coeff_57",
    "Coeff_58",
    "Coeff_59",
    "Coeff_6",
    "Coeff_60",
    "Coeff_61",
    "Coeff_62",
    "Coeff_63",
    "Coeff_7",
    "Coeff_8",
    "Coeff_9"
  ]
},

   "Puppet-With-Quant":{
    "Sensitivity": [
      1.0113525156147973,
      0.0012118892604974108,
      4.1430592490861266e-05,
      1.4562572953801562e-05,
      1.1264969023888714e-05,
      1.3602276997207917e-05,
      5.6166368620291615e-06,
      4.692521757347169e-06,
      0.0007810861386502681,
      7.983249833419078e-05,
      2.3678669835177728e-05,
      1.2690287322217717e-05,
      6.521537423438472e-05,
      1.9841903863352184e-05,
      1.4168526918394302e-05,
      2.787043857091496e-06,
      2.234746583748579e-06,
      0.0001493183092693946,
      3.3208351299578e-05,
      1.3873028026091816e-05,
      1.3091533361943132e-05,
      2.6318508692518577e-05,
      1.0541761747471065e-06,
      2.103316775674394e-05,
      8.087369422371461e-07,
      1.9519207033431613e-07,
      4.3504804959635205e-05,
      1.6938765738757395e-05,
      2.5105327727586887e-05,
      2.757995461328318e-05,
      8.36398658409458e-06,
      1.515612410684828e-07,
      3.021751397482913e-08,
      2.166567398960845e-07,
      1.0866446908402979e-05,
      1.63493729613116e-05,
      2.0165652405313472e-05,
      2.7017780600235793e-05,
      9.379527447125338e-06,
      1.072781277951605e-06,
      2.293792771599349e-08,
      3.5783777023367764e-09,
      3.533754654122029e-09,
      3.106112620370553e-05,
      2.42170799670211e-05,
      2.388284484725626e-05,
      6.4391174754397396e-06,
      9.474143813973759e-07,
      1.9582199889706047e-07,
      0,
      4.896644436043962e-09,
      6.779802305797473e-08,
      1.648291900505432e-05,
      3.550185520899733e-06,
      1.1018160332877327e-06,
      8.895176516198843e-08,
      9.366081890531443e-06,
      1.775375002239038e-08,
      3.3476667739503836e-09,
      9.890936405822667e-09,
      5.1091945023614886e-09,
      2.8932062547975494e-06,
      0.007236007720195362,
      0.00022470675602118606
    ],
  "Confidence": [
    0.08778181155784359,
    0.00019322255379426175,
    6.691957017988979e-06,
    2.3290274215599327e-06,
    2.10320614812959e-06,
    2.827420119168155e-06,
    1.1489661873171772e-06,
    9.161116546065472e-07,
    0.00012279009407688578,
    1.2295217056695583e-05,
    3.481772913788761e-06,
    2.0329389922885228e-06,
    1.0201614910551278e-05,
    3.011340838305672e-06,
    2.5545423031903017e-06,
    5.766114215467555e-07,
    5.234401227317697e-07,
    2.3461974129195e-05,
    5.764500534253369e-06,
    2.0804668931959423e-06,
    2.2422641574753778e-06,
    4.597643596746171e-06,
    2.428704729779149e-07,
    3.4559870599293978e-06,
    1.7781466208564668e-07,
    3.629639243678917e-08,
    6.82948097711999e-06,
    2.9126814895332794e-06,
    4.652094356914408e-06,
    4.942992648286726e-06,
    1.666214944690787e-06,
    3.419883211712309e-08,
    7.02890769868408e-09,
    5.0192676790074773e-08,
    1.6762411313931586e-06,
    2.499195170311457e-06,
    3.467470459975012e-06,
    4.546138248251471e-06,
    1.9533695024802917e-06,
    2.4370368391034857e-07,
    5.9591568764525215e-09,
    6.998981625071853e-10,
    7.486019590991657e-10,
    5.5853735553255205e-06,
    4.251743245293856e-06,
    4.459149800056887e-06,
    1.3121456960933314e-06,
    1.8454408506280784e-07,
    4.260477304203851e-08,
    0,
    1.63172096319225e-09,
    1.1741218844674099e-08,
    3.077388527178055e-06,
    7.065297121891005e-07,
    1.8710178882415213e-07,
    2.008023871558141e-08,
    1.8147737336725127e-06,
    4.638148829752212e-09,
    8.900844404170325e-10,
    2.7371255415019334e-09,
    1.3729649882611957e-09,
    5.620933545161802e-07,
    0.0011462994675634863,
    3.6916604512381935e-05
  ],